{
	"class_name" : "PinholeCameraParameters",
	"extrinsic" : 
	[
		0.69003966331105371,
		0.080191583869253194,
		-0.71931535013101744,
		0.0,
		-0.69763749556702159,
		0.3383480744145273,
		-0.63152395466756095,
		0.0,
		0.19273605743747502,
		0.93759793643998723,
		0.28941824708704228,
		0.0,
		-35.97887268934997,
		14.745179977600825,
		53.462740967226402,
		1.0
	],
	"intrinsic" : 
	{
		"height" : 1080,
		"intrinsic_matrix" : 
		[
			935.30743608719376,
			0.0,
			0.0,
			0.0,
			935.30743608719376,
			0.0,
			959.5,
			539.5,
			1.0
		],
		"width" : 1920
	},
	"version_major" : 1,
	"version_minor" : 0
}