{
	"class_name" : "PinholeCameraParameters",
	"extrinsic" : 
	[
		-0.55321780144261667,
		0.1883088480693875,
		-0.8114738701312435,
		0.0,
		-0.83242782615816768,
		-0.16219989178130828,
		0.52986329307069324,
		0.0,
		-0.031843027566252589,
		0.96862323575522002,
		0.24648539257023461,
		0.0,
		-0.31400644948723855,
		5.4606597090300877,
		42.69757659507902,
		1.0
	],
	"intrinsic" : 
	{
		"height" : 1080,
		"intrinsic_matrix" : 
		[
			935.30743608719376,
			0.0,
			0.0,
			0.0,
			935.30743608719376,
			0.0,
			959.5,
			539.5,
			1.0
		],
		"width" : 1920
	},
	"version_major" : 1,
	"version_minor" : 0
}