{
	"class_name" : "PinholeCameraParameters",
	"extrinsic" : 
	[
		0.74515935360628205,
		0.14451804720477851,
		-0.65103922444441509,
		0.0,
		-0.64691996600940538,
		0.39373914625180495,
		-0.65304214434237684,
		0.0,
		0.16196325296639985,
		0.9077907351041965,
		0.38689001789594518,
		0.0,
		-32.362274330856899,
		18.707267128252052,
		52.199787277298505,
		1.0
	],
	"intrinsic" : 
	{
		"height" : 1080,
		"intrinsic_matrix" : 
		[
			935.30743608719376,
			0.0,
			0.0,
			0.0,
			935.30743608719376,
			0.0,
			959.5,
			539.5,
			1.0
		],
		"width" : 1920
	},
	"version_major" : 1,
	"version_minor" : 0
}